Subject,Movement,Segment,TotalAngleAvgError,TotalEulerAvgError,MeanSquaredError,Standard Deviation
P1,1,Pelvis,3.590497021118884,[0.82756832 0.74806947 3.39917891],0.10456255646658952,0.32336134040201764
P1,1,T8,3.739189595526628,[1.24696348 0.3530558  3.48855263],0.08156840499789181,0.2856018294722424
P1,1,Head,2.121134617070599,[0.61120811 1.14317863 1.65436819],0.16267501624539443,0.4033299099315527
P1,1,RightShoulder,3.5227277930918297,[1.20845128 0.21730968 3.29734546],0.03681491213538605,0.1918721244354845
P1,1,RightUpperArm,1.9193981370633455,[1.12909795 1.49617702 0.12027808],0.1256216648640142,0.35443146709062695
P1,1,RightForeArm,358.092421104457,[1.82873277 0.45888477 0.17875051],0.0021594823207612625,0.046470230478891136
P1,1,RightHand,4.792405214616482,[3.92663332 2.21502702 1.70237949],0.005481011884781931,0.07403385634141944
P1,1,LeftShoulder,357.5717996984437,[1.22841889 0.28564218 2.06312452],0.07234667894369362,0.26897337961905005
P1,1,LeftUpperArm,5.031577050276137,[1.33147885 4.82725151 0.51426268],0.21302189408432334,0.46154294933876233
P1,1,LeftForeArm,356.3217567850747,[0.49987529 3.63794611 0.19715826],0.23425391889260905,0.4839978500908956
P1,1,LeftHand,7.803090022032127,[3.17650039 6.5061828  3.09628373],0.13695713885490113,0.3700772066135675
P1,1,RightUpperLeg,4.253297396204655,[0.79089475 0.15125462 4.17396284],0.007013713051013087,0.0837479137114059
P1,1,RightLowerLeg,4.852556676460835,[0.07442672 0.0928098  4.85038503],0.013666772615270634,0.1169049725857315
P1,1,RightFoot,4.507080274708422,[0.07972018 0.23884081 4.49858533],0.806844003949696,0.8982449576533653
P1,1,LeftUpperLeg,6.96656676399035,[0.87878606 1.05398431 6.83725798],0.11546876403770329,0.33980695113211457
P1,1,LeftLowerLeg,6.243207354386648,[0.81893298 0.30890709 6.17640174],0.17797878486355653,0.4218753190974278
P1,1,LeftFoot,4.001929403628693,[0.02228871 0.08705971 4.00009172],0.07474171797821354,0.2733893157718742
P1,2,Pelvis,2.7179791104832742,[0.98356569 0.34750129 2.38033866],0.162413563246224,0.40300566155604317
P1,2,T8,22.174019058344953,[10.98864782  7.66871508 15.51651881],422.3206604750301,20.550441855956045
P1,2,Head,3.8336722323777983,[1.68711364 0.4737193  3.37172533],0.3571221763292522,0.5975970016066448
P1,2,RightShoulder,13.202820488785179,[7.52976888 9.47771144 3.84761487],21.577884128238043,4.645200117135756
P1,2,RightUpperArm,11.026391550230567,[4.44108485 5.29919245 8.0756093 ],63.445986119694645,7.965298871962975
P1,2,RightForeArm,355.1227472790245,[1.90242895 2.58057099 2.91823633],8.540686346508915,2.9224452683513022
P1,2,RightHand,4.864744265340462,[3.48697668 1.26278562 2.78178739],1.6967489851430928,1.302593177144381
P1,2,LeftShoulder,351.94298864404794,[3.14383694 5.33939023 4.90436015],7.708207029606495,2.7763657953530716
P1,2,LeftUpperArm,14.588124490294254,[9.48667312 7.09217463 5.50501423],1.7137147512222657,1.3090892831362824
P1,2,LeftForeArm,350.39935794842285,[1.84438995 8.44112699 3.43056279],18.3406995544077,4.28260429580036
P1,2,LeftHand,17.50846094350024,[ 6.27916555 15.93733323  3.80035536],4.6443060194837065,2.1550652007500157
P1,2,RightUpperLeg,9.944998049604935,[0.63018127 0.56581518 9.85265902],2.3670639184976467,1.5385265413692566
P1,2,RightLowerLeg,2.0821899193849833,[0.51207422 0.53789663 1.90070514],9.559103599224192,3.091780004984862
P1,2,RightFoot,7.748286281163852,[1.30607796 0.47312028 7.31178036],1.015071088711781,1.0075073640980403
P1,2,LeftUpperLeg,7.2719545273564785,[1.55442239 1.05713178 6.85322569],0.7339801899719103,0.8567264382356309
P1,2,LeftLowerLeg,5.2257876466035365,[2.53969042 1.85746597 3.71659198],7.5133046742385945,2.741040801272136
P1,2,LeftFoot,2.1554824135885586,[0.26344859 0.2053686  2.10905938],0.2915517502328261,0.5399553224414276
P1,3,Pelvis,2.4065246726479153,[1.06500283 0.61764634 1.8679332 ],0.3832940593058967,0.6191074699160855
P1,3,T8,18.11414744226507,[10.89891838  2.02365284 13.62288081],355.4452800093255,18.85325648288182
P1,3,Head,3.826084359265377,[2.69410208 1.30891434 2.15558763],8.670167213861378,2.9445147671325027
P1,3,RightShoulder,13.72568359714245,[8.34257494 9.1638584  3.88383817],41.31351405327505,6.42755894980941
P1,3,RightUpperArm,8.858224288467694,[5.59591981 4.35179244 4.51017306],25.56068986325832,5.055758089867267
P1,3,RightForeArm,355.2642845175877,[1.61351234 2.44172585 3.0661772 ],1.2331151709412242,1.110457190053369
P1,3,RightHand,5.823064321803123,[5.65504424 0.37749575 1.24598937],0.28522463299972944,0.5340642592420218
P1,3,LeftShoulder,348.0459194035785,[4.78383445 8.69572012 6.52895146],14.199495223597536,3.768221758813769
P1,3,LeftUpperArm,10.977896143333998,[8.37022363 4.00262097 3.84802121],7.512333367014968,2.7408636170037664
P1,3,LeftForeArm,350.2266429478658,[1.84437863 9.10957206 1.86332483],18.27185292196362,4.27455879851519
P1,3,LeftHand,15.926474813651124,[ 3.96582626 15.21133045  1.94931634],5.45446059125118,2.3354786642680296
P1,3,RightUpperLeg,6.816776068382656,[0.72616028 0.38844599 6.72626567],0.7937399023516349,0.8909208171053334
P1,3,RightLowerLeg,5.127200368009677,[0.45579001 1.05303096 4.9215795 ],2.2409825319912144,1.4969911596236012
P1,3,RightFoot,10.804954783939877,[ 1.96918452  0.45717611 10.28105023],0.8424558464333182,0.917853935238782
P1,3,LeftUpperLeg,9.041680940732416,[2.50096769 1.19218376 8.39779398],1.33183384856164,1.154051059772331
P1,3,LeftLowerLeg,9.835712445055773,[4.93997463 1.72936548 7.04031464],21.0129969315968,4.583993557106816
P1,3,LeftFoot,1.1668741591348288,[0.47883819 0.1204571  0.96044401],0.6460125929797637,0.8037490858344808
P1,4,Pelvis,10.825263159810472,[2.16277427 4.47794372 9.29712035],5.899840885474103,2.42895880687057
P1,4,T8,8.339396626456658,[1.72870987 2.79269318 7.48999151],1.5487533511742875,1.2444891928716326
P1,4,Head,5.815766326902641,[5.40215891 1.3339963  1.06792051],14.164590603424807,3.7635874645642033
P1,4,RightShoulder,5.714898286742637,[3.01425936 2.22977756 3.86003387],1.7798651354685395,1.334115862835211
P1,4,RightUpperArm,9.548769890827375,[4.17894854 8.06484452 1.21278935],8.269635121446681,2.8756973278574853
P1,4,RightForeArm,352.8117450076036,[4.69375654 3.51586143 3.3504692 ],6.76270307176358,2.600519769539078
P1,4,RightHand,5.716460597945452,[5.46178704 0.2186655  1.63811832],0.7188908794828096,0.8478743300058149
P1,4,LeftShoulder,352.00685227930364,[4.80791147 2.83469741 5.79201423],0.17160592280851414,0.4142534523797166
P1,4,LeftUpperArm,6.31327438115114,[2.76594557 4.53977754 2.34316141],3.0223204955122775,1.7384822390557453
P1,4,LeftForeArm,354.218384088701,[1.8809536  5.16787379 1.21025156],0.7366441324528304,0.858279751859981
P1,4,LeftHand,12.163311301039485,[ 3.01253815 11.44656148  1.6237453 ],1.6352384323342513,1.278764416276216
P1,4,RightUpperLeg,6.635064130654261,[2.49377905 2.65813633 3.90225831],214.9706183675374,14.661876359031861
P1,4,RightLowerLeg,15.180406753579968,[ 3.50760663  6.48631689 11.49338721],137.89177025273364,11.74273265695569
P1,4,RightFoot,15.21604938063069,[ 1.7548762   1.16148555 14.26986432],95.14567895282859,9.754264654643556
P1,4,LeftUpperLeg,13.36034618608629,[ 4.76007109  1.68520719 11.12591003],223.1412612105726,14.937913549440985
P1,4,LeftLowerLeg,nan,[3.69251266 4.1133382  8.74592444],nan,nan
P1,4,LeftFoot,5.215473909908658,[1.10958922 0.76994189 1.71850584],950.1717656602489,30.824856295857227
P1,5,Pelvis,7.2701712265997465,[1.39052699 2.39727628 6.2001955 ],1.7479356964891384,1.3220951919166557
P1,5,T8,17.56774252630678,[ 9.81794474 12.99171489  6.97696739],131.89630963117898,11.484611862452251
P1,5,Head,7.171966568169658,[4.06793516 0.9626817  5.21252432],9.626085235438467,3.102593308095418
P1,5,RightShoulder,15.652497122186213,[12.66984335  6.27607188  4.1427481 ],68.32337131298947,8.265795261981117
P1,5,RightUpperArm,16.2548480097529,[ 4.17517028 14.85634741  3.20289131],21.965456985270716,4.686732015516859
P1,5,RightForeArm,355.6461330155521,[1.96486308 3.72552703 0.64450232],0.7422068260559889,0.861514263408325
P1,5,RightHand,4.734258564227593,[4.26248634 1.50263408 1.45835119],0.04107337438968645,0.20266567146333997
P1,5,LeftShoulder,351.45592978288954,[3.0169967  5.13458447 5.69395929],14.68022115997767,3.8314776731670603
P1,5,LeftUpperArm,6.241468587170082,[1.79990634 5.65633274 1.3341115 ],14.90489050880247,3.8606852382449506
P1,5,LeftForeArm,357.1809671952458,[2.05261083 1.40699838 0.72138768],0.9168415413797354,0.9575184287415754
P1,5,LeftHand,19.39460910190484,[ 4.10878439 18.48970319  4.9081529 ],0.038020634762896265,0.1949888067630967
P1,5,RightUpperLeg,5.829292961594579,[1.83429988 1.45418924 5.26998961],0.3772692274487089,0.6142224576232205
P1,5,RightLowerLeg,6.5609719426781465,[0.76489736 3.21676717 5.59078259],0.6920897262704934,0.8319193027394505
P1,5,RightFoot,16.269673619927335,[ 0.33692878  0.49808364 16.25637014],0.08912176145564431,0.2985326807162732
P1,5,LeftUpperLeg,9.813176799291414,[0.76376447 0.3816827  9.77419228],0.5337237058319263,0.7305639642303241
P1,5,LeftLowerLeg,29.3910930084203,[ 2.12405258  2.43410257 29.16085145],2.6923415332159957,1.6408356204129637
P1,5,LeftFoot,5.445270178818768,[0.18820066 0.35393598 5.42847573],0.33018432267829334,0.5746166745564327
P1,6,Pelvis,2.6556513669488564,[1.31289147 0.79455157 1.85911247],0.22693830268474932,0.47638041803242637
P1,6,T8,12.4303540283715,[4.92423136 6.032016   9.22180868],9.93010205677347,3.1512064446452044
P1,6,Head,5.398184616970823,[4.26934781 1.83448755 1.86854704],3.8590668920871476,1.964450786374438
P1,6,RightShoulder,8.860199530840587,[5.37272052 5.17337698 3.76647865],2.3530339768527164,1.5339602266202068
P1,6,RightUpperArm,31.18181731981419,[ 9.33156398 29.64143054  3.56905522],7.088607868474308,2.6624439653210183
P1,6,RightForeArm,355.9823556278637,[1.62505226 1.29516819 2.72189571],3.7543941542696557,1.9376259066882997
P1,6,RightHand,4.819479699842723,[4.51867182 0.47613967 1.43266796],0.0742982080127043,0.27257697630706873
P1,6,LeftShoulder,353.6629633515807,[1.43645519 4.48715865 3.85337024],4.958060827436875,2.226670345479293
P1,6,LeftUpperArm,3.8670703409993603,[2.8915777  2.0854046  1.28485731],0.6442670807102778,0.8026624948945091
P1,6,LeftForeArm,358.00323583708285,[1.26546892 0.42899687 1.3950945 ],0.1974311491390095,0.4443322508427781
P1,6,LeftHand,23.418468763816836,[ 2.62421721 22.85656294  4.63544109],0.48827291747827706,0.6987652806760487
P1,6,RightUpperLeg,4.842922799842437,[0.78568444 1.94314457 4.04538546],5.955954967737693,2.440482527644419
P1,6,RightLowerLeg,13.623605479991456,[ 0.64146016  4.19463747 12.91731238],16.312404847845155,4.038861825792652
P1,6,RightFoot,18.521419824929,[ 0.5788399   0.37448501 18.50650224],0.18405705612131104,0.42901871301996963
P1,6,LeftUpperLeg,8.266422022751623,[0.99011823 0.65957635 8.04437251],24.253302920409784,4.924764250236734
P1,6,LeftLowerLeg,8.827854492222071,[1.54393259 0.82654313 8.55308713],25.860954844806674,5.085366736510424
P1,6,LeftFoot,1.380490226590178,[0.11677071 0.19061157 1.31224401],0.611710474151783,0.7821192199094605
P1,7,Pelvis,5.143665288937398,[1.24360585 1.90640543 3.98595703],2.2524768956421015,1.5008254047830152
P1,7,T8,10.01744717691326,[1.13591373 7.85679525 3.30427122],26.27516939448399,5.125931075861632
P1,7,Head,5.668932570787164,[5.00858028 0.73315386 1.85223843],7.036557167583134,2.652650969800425
P1,7,RightShoulder,20.30030051947429,[ 2.99053941 16.01789104  8.3523364 ],155.52130238446543,12.470818031888102
P1,7,RightUpperArm,28.077587887074657,[11.72563353 23.66748366  7.3712364 ],14.13466417063084,3.759609576888382
P1,7,RightForeArm,356.4388758782299,[0.96115064 1.19062974 2.79181416],4.3930632701575485,2.0959635660377183
P1,7,RightHand,4.986166992966324,[4.62346463 0.81960221 1.58395738],0.1489741437520635,0.3859716877596898
P1,7,LeftShoulder,350.1329340469806,[3.21603337 8.23465737 3.15954058],10.88759946392338,3.2996362623664113
P1,7,LeftUpperArm,9.074423058491833,[5.4088349  3.97907444 3.60708838],13.057692458201192,3.6135429232542946
P1,7,LeftForeArm,355.86546938292037,[1.46043248 1.07831719 3.40279383],5.611967709787395,2.368959203909471
P1,7,LeftHand,26.85817136157542,[ 3.95911774 25.82999649  6.89204179],1.8931504971523379,1.3759180561182915
P1,7,RightUpperLeg,6.653204301592969,[1.58649712 1.54569358 5.8265395 ],4.775905596112517,2.185384541931355
P1,7,RightLowerLeg,20.57180117381232,[ 3.9688332   2.23955787 19.60436803],132.98791827634025,11.532038773622826
P1,7,RightFoot,19.19695080102992,[ 1.0364411   0.59609949 19.14766469],2.6134973644442177,1.6166314869023855
P1,7,LeftUpperLeg,6.555474599357354,[1.66545772 0.78171901 6.0332029 ],12.176771049271993,3.489523040369843
P1,7,LeftLowerLeg,21.047774059431024,[ 3.15066059  3.52758223 20.20570699],48.41486406489366,6.958079049916986
P1,7,LeftFoot,8.077698474309907,[0.48947007 0.53236368 8.02035835],1.75362818302875,1.324246269780946
P1,8,Pelvis,19.22149342129791,[ 3.69094458 15.57733455  9.73392862],129.3451051062418,11.372998949540168
P1,8,T8,15.730087054500792,[ 8.35310042 10.35517507  9.07835166],216.31882016004323,14.707780939354626
P1,8,Head,31.18572431646859,[ 8.46846622 27.76798646 12.2180573 ],14.941651236875522,3.865443213510648
P1,8,RightShoulder,13.153941786979921,[9.38728141 5.97113696 4.28395734],58.054682825035556,7.619362363415692
P1,8,RightUpperArm,20.012545155471898,[15.22597843  8.98515854  5.95977285],20.4209675905439,4.518956471415043
P1,8,RightForeArm,354.95762962696267,[1.45161817 2.98645268 3.33694717],8.565463809700015,2.9266813645663605
P1,8,RightHand,4.6575800949073525,[4.21030989 0.85317679 1.69983651],0.08145426056526071,0.2854019281036145
P1,8,LeftShoulder,352.70122085778775,[3.3369917  5.64828787 1.9660154 ],16.150498126048515,4.018768234925786
P1,8,LeftUpperArm,11.006857393733368,[4.00760235 9.59309965 2.63627456],14.780392058188948,3.8445275468110447
P1,8,LeftForeArm,355.0228478340412,[2.58876857 2.46922554 3.06561887],18.328309812221374,4.281157531815592
P1,8,LeftHand,23.486125825449033,[ 2.41559339 22.8739516   4.93475742],0.42715406792334815,0.6535702471221806
P1,8,RightUpperLeg,21.696860346453683,[ 9.4551181   8.58160222 15.06946733],303.60450945332843,17.424250613823496
P1,8,RightLowerLeg,16.812508439138455,[ 3.26907799 10.69503385 10.09811624],89.88687858008817,9.480869083585542
P1,8,RightFoot,23.23357569688951,[ 2.68355601  1.12048339 22.91215769],94.69940585008531,9.73136197302748
P1,8,LeftUpperLeg,20.184942659718665,[ 2.50673991  2.69873346 19.4902782 ],347.62509795347194,18.644706968828228
P1,8,LeftLowerLeg,29.234618114763904,[ 4.32185088 12.75139178 22.01476322],62.74762452922995,7.921339819072904
P1,8,LeftFoot,8.894715311242384,[1.78977938 0.93298201 8.37754906],33.13396854919941,5.756211301646197
P1,9,Pelvis,17.726679452717807,[ 4.92953756 12.60014682 12.01966286],0.8209123061576195,0.9060421105873719
P1,9,T8,12.789023369000512,[8.85625223 2.7093927  8.0461901 ],73.31134756693395,8.562204597353064
P1,9,Head,23.415481073321647,[18.20608737 11.51787652 10.76296943],3.245241190895028,1.8014552980562764
P1,9,RightShoulder,23.15681637966139,[ 7.55005411 19.87231261  5.16187922],273.30266695448523,16.53186822335834
P1,9,RightUpperArm,12.108724675499644,[7.45666693 7.53769575 1.97728749],26.482638554857232,5.146128501588085
P1,9,RightForeArm,352.2558453280149,[5.32679817 3.90784277 1.55379495],11.964386289593353,3.4589573992163234
P1,9,RightHand,5.846263147026305,[4.35230402 3.20890296 1.58064027],3.46456448319973,1.8613340600761945
P1,9,LeftShoulder,349.0849518916671,[1.7809146  9.00348731 4.21175558],23.436672204017018,4.84114368760286
P1,9,LeftUpperArm,12.518048248638586,[9.42350569 7.51495867 1.36411558],27.888733433021677,5.280978454133446
P1,9,LeftForeArm,349.20445636360864,[4.37292273 8.31680921 1.49211627],48.92212765260085,6.994435477763795
P1,9,LeftHand,19.03022759135886,[ 2.51360724 18.62266406  2.84606336],4.810915209135259,2.19337985974506
P1,9,RightUpperLeg,5.658494237982632,[4.22575354 0.64796764 3.57358407],0.4972914302916741,0.705188932337763
P1,9,RightLowerLeg,12.883876215853295,[ 2.43755197  4.55084509 11.87975077],0.8095805021131488,0.8997669154359638
P1,9,RightFoot,18.893479346925666,[ 0.46753637  0.15440057 18.88578088],0.1032859227731438,0.32138127321476556
P1,9,LeftUpperLeg,5.595660297186145,[2.93735129 1.13346554 4.55638431],0.9879634912746263,0.993963526128915
P1,9,LeftLowerLeg,29.6586158190453,[ 4.66796586  3.66154833 28.9173625 ],2.3909697757211243,1.546276099447031
P1,9,LeftFoot,8.005881372895518,[0.15091839 0.28956689 7.99776561],0.2244484365652367,0.4737598933692432
P1,10,Pelvis,15.303520867950837,[ 4.59126059  9.58070866 11.15405999],2.347488358551464,1.5321515455565953
P1,10,T8,22.02430109913642,[15.63105297 11.0129437  14.4424181 ],507.01052769259616,22.516894272803167
P1,10,Head,34.166090547613024,[21.16538895 26.03755051 13.19346884],5.7345082422852105,2.394683328184587
P1,10,RightShoulder,26.70518649551636,[ 5.46293863 25.16242745  7.32798613],271.8083264519667,16.48661052041828
P1,10,RightUpperArm,15.629880679892825,[9.32922356 8.54413894 5.95198166],50.603208783873335,7.113593239978888
P1,10,RightForeArm,350.8858234926583,[6.16225893 3.92914675 3.28237751],14.450778744477818,3.8014179912866486
P1,10,RightHand,5.559323999416748,[4.53248927 2.04847076 1.65302243],1.9264232522064004,1.3879565022746212
P1,10,LeftShoulder,342.6377105761773,[ 4.48670373 13.02916421  7.10600947],12.832031585419793,3.582182517044573
P1,10,LeftUpperArm,13.468964841167237,[8.47641445 8.59075299 1.87880673],25.72703229910864,5.072182202869751
P1,10,LeftForeArm,353.4194339054703,[2.48514729 4.79490944 2.43912196],12.74355542900631,3.569811679767759
P1,10,LeftHand,19.278398542214966,[ 2.12817629 18.82405634  2.80227214],4.271742122642821,2.0668193251087095
P1,10,RightUpperLeg,5.917276481403835,[5.65541471 0.67973755 1.28997956],5.882368523414046,2.4253594627217727
P1,10,RightLowerLeg,27.731526967541,[ 2.72782865  4.09035457 27.39584933],0.8728073127530726,0.9342415708761158
P1,10,RightFoot,20.38995274209244,[ 0.69426788  0.23535855 20.37426111],0.33885221451076886,0.5821101395017689
P1,10,LeftUpperLeg,3.5059515266126726,[3.12175027 0.43409952 1.36242905],0.47566206578477216,0.6896825833561205
P1,10,LeftLowerLeg,28.35443197695976,[ 5.80551735  5.05741301 27.01451338],9.232425916689149,3.038490730064706
P1,10,LeftFoot,6.633550376263627,[0.20413977 0.48763436 6.60959044],0.5402832241791536,0.7350396072179741
P1,11,Pelvis,16.614775840397588,[ 4.41055082 11.76323857 11.3206523 ],0.3802576487512896,0.6166503456183979
P1,11,T8,16.95819333441284,[10.07990529  8.16660455 11.21099786],211.20417623264458,14.532865382733185
P1,11,Head,32.01130972455929,[23.74783014 19.54975237 13.52206817],10.084482228670932,3.175607379489935
P1,11,RightShoulder,27.2857892866535,[10.06295485 22.89277686 10.68982093],253.81086412603977,15.931442625388316
P1,11,RightUpperArm,16.161140296880372,[ 6.10983037 11.76542639  5.65107456],41.83340176031596,6.467874593737572
P1,11,RightForeArm,336.6979277398138,[12.36181588 18.98146449  4.29378691],92.1557659277945,9.599779472873037
P1,11,RightHand,5.012030627033153,[4.31975106 1.59761082 1.52306105],1.1391317815182678,1.067301167205521
P1,11,LeftShoulder,342.03028834308657,[ 5.15785474 12.45584655  7.52646121],10.892334671007818,3.3003537190743386
P1,11,LeftUpperArm,36.79495584546775,[ 9.83899526 34.87144657  5.62763843],136.068207361471,11.664827789619142
P1,11,LeftForeArm,313.33163344911503,[22.08264342 41.88166509 25.12104921],692.3323209087044,26.312208590475723
P1,11,LeftHand,17.89715971757129,[ 2.65676478 17.33725491  3.07159035],10.799282608517649,3.2862261955802206
P1,11,RightUpperLeg,7.151535806992733,[6.63816261 0.80224244 2.41319564],4.520657906870947,2.126183883597782
P1,11,RightLowerLeg,29.61094937589537,[ 3.45064491  3.96372658 29.26792273],4.902326699285904,2.2141198475434667
P1,11,RightFoot,20.391429941544857,[ 0.48324302  0.07913596 20.38449465],0.16281805721719067,0.40350719599183194
P1,11,LeftUpperLeg,3.937558399766672,[2.64112592 0.69402338 2.45631219],0.09209740341452766,0.3034755400597018
P1,11,LeftLowerLeg,23.14970682208004,[ 5.386182    5.102782   21.66130939],15.33597784712389,3.916117700877221
P1,11,LeftFoot,6.870240266675344,[0.19708078 0.47063633 6.84830766],0.4552908366448439,0.6747524261867043
P1,12,Pelvis,19.001633560277682,[ 4.77996773 13.74945096 12.8373426 ],0.11418808813310381,0.33791728001554433
P1,12,T8,6.669202968284826,[2.09214777 4.27758136 4.50800672],3.448917291867527,1.8571260839984793
P1,12,Head,8.626299831730343,[8.47863519 1.35858351 0.52665264],0.04114770848858977,0.20284897951084144
P1,12,RightShoulder,9.785622362566173,[4.99766295 7.05571923 3.76268574],9.37165188420722,3.0613153846356993
P1,12,RightUpperArm,10.437638875854232,[5.76395222 5.14404986 5.62627017],26.669935985554584,5.164294335681748
P1,12,RightForeArm,334.5919241244574,[ 3.48214132 24.21251275  5.44878981],34.36635967103856,5.8622828037410954
P1,12,RightHand,4.913673469170954,[4.67581726 0.50758929 1.26137156],0.22132833661626172,0.4704554565697604
P1,12,LeftShoulder,342.743681709731,[ 3.16371341 16.26316181  5.04787242],4.066273038494642,2.016500195510688
P1,12,LeftUpperArm,28.671601586782018,[ 8.19802406 25.21009117 11.35382614],101.15371748335994,10.05752044409356
P1,12,LeftForeArm,328.58427850168846,[ 2.95963914 30.91142247  4.83548922],91.75422157377429,9.57884239215649
P1,12,LeftHand,20.030742773073694,[ 1.01177897 19.76826464  2.68639669],0.6059422278446369,0.7784229106627303
P1,12,RightUpperLeg,6.781729360990739,[6.54941647 1.29037327 1.25590195],0.01848365392617447,0.13595460244572255
P1,12,RightLowerLeg,40.3425173091888,[ 4.19806437  1.40957707 40.15972304],0.22738640860677192,0.47685050970589504
P1,12,RightFoot,19.650443696346954,[ 0.67754454  0.23045891 19.63595319],0.03418089287009998,0.18488075310886198
P1,12,LeftUpperLeg,10.473519277893368,[ 1.63805115  0.52163627 10.33318664],0.027241120075669485,0.16504884148539029
P1,12,LeftLowerLeg,7.784297125183937,[3.18015025 1.01586163 6.97927329],0.7219839025062057,0.8496963590049128
P1,12,LeftFoot,8.529224850613767,[0.22765282 0.32795841 8.51804304],0.09273898813061221,0.3045307671329979
P1,13,Pelvis,18.034058646840982,[ 4.72444723 12.53165501 12.62904401],0.08463928371033062,0.29092831369657135
P1,13,T8,9.826015310373878,[3.34138831 3.51673316 8.1925547 ],6.0293612003738755,2.4554757584577933
P1,13,Head,9.05255591619375,[7.62521658 0.9073526  4.7249658 ],0.14882609986943215,0.38577985933616615
P1,13,RightShoulder,13.480607742364791,[5.63643113 9.83086983 5.6987406 ],19.73386442634631,4.442281443846879
P1,13,RightUpperArm,5.594712410641312,[3.79360831 1.85086593 3.33405319],2.1846152897589253,1.4780444140007853
P1,13,RightForeArm,320.9991583642191,[ 7.06833868 38.3270268   5.4150672 ],12.678854821941698,3.5607379603028497
P1,13,RightHand,4.756230294731189,[4.16091103 1.59677425 1.67223876],0.025031273567125437,0.15821274780220915
P1,13,LeftShoulder,348.66817058985066,[4.03828943 8.3151303  4.88663778],8.346358476274519,2.8890064860215388
P1,13,LeftUpperArm,22.170930827218378,[ 2.68155701 21.27220822  5.79784757],8.012497240152243,2.830635483447532
P1,13,LeftForeArm,355.03261007792935,[3.27663941 2.76905533 1.62840573],2.0073778500169164,1.4168196250817944
P1,13,LeftHand,20.681796109840388,[ 4.04869606 19.87753226  4.81761422],0.04941087770938023,0.222285576926125
P1,13,RightUpperLeg,7.997201575467096,[7.07330333 1.36807525 3.51555104],1.2744326696136468,1.1289077329939976
P1,13,RightLowerLeg,37.98283484625602,[ 3.58585253  1.35633454 37.83440211],2.210803003938604,1.4868769296544364
P1,13,RightFoot,19.693542325882827,[ 0.49240416  0.10563325 19.6861035 ],0.14445369671791897,0.38007064700910403
P1,13,LeftUpperLeg,12.594069825520414,[ 2.30955459  1.14755223 12.33117012],0.28718740686797734,0.535898690862347
P1,13,LeftLowerLeg,7.871729059575682,[6.40677066 4.31054963 1.08086272],0.400973676558526,0.6332248230751271
P1,13,LeftFoot,8.234756219831947,[0.19650914 0.40427791 8.22099658],0.23887753844295598,0.4887509984060963
P1,14,Pelvis,17.76246851290495,[ 4.02965193 13.53049062 11.29704276],0.03081513247845327,0.17554239510287328
P1,14,T8,5.443505585276346,[3.76473375 1.47927496 3.67360119],0.6002413035372922,0.7747524143475076
P1,14,Head,8.407787769504225,[8.1248345  1.6599467  1.08084842],0.0336429410630196,0.18342012175064
P1,14,RightShoulder,11.730554819215595,[5.36181169 6.53727027 7.7010841 ],0.5987617645465221,0.7737969788946724
P1,14,RightUpperArm,9.242290855423153,[3.54160474 5.79884118 5.07160378],13.834694172164712,3.719501871509774
P1,14,RightForeArm,327.38671535055164,[10.0879289  29.8952185   7.44993743],466.85237154250063,21.606766799836127
P1,14,RightHand,5.0225561175339735,[4.41629577 1.59286306 1.39889751],0.4314200349789498,0.6568257264898733
P1,14,LeftShoulder,344.04574133865924,[ 3.43098443 13.82259198  7.61213248],1.7419867134942157,1.3198434427969916
P1,14,LeftUpperArm,15.405769303092603,[ 5.19377834 12.70221136  7.29737065],147.47377021730566,12.14387789041481
P1,14,LeftForeArm,333.35757774098715,[ 6.00378613 25.42357112  4.24687031],247.43566329689395,15.730087835002509
P1,14,LeftHand,20.39694131183555,[ 2.7077953  19.94504621  2.99552241],1.3827407690522644,1.1758999825887677
P1,14,RightUpperLeg,8.003986480132712,[6.95182934 1.66673508 3.70123162],0.06526033134952262,0.2554610172795893
P1,14,RightLowerLeg,35.081682130351155,[ 3.98191063  1.35689548 34.8832697 ],0.14251051759181588,0.3775056523971739
P1,14,RightFoot,19.34686235952906,[ 0.74992794  0.17450837 19.3302441 ],0.027235887901511584,0.16503299034287533
P1,14,LeftUpperLeg,11.88164187494445,[ 1.83382699  0.51649191 11.73292732],0.05243972651543859,0.2289972194491422
P1,14,LeftLowerLeg,7.946279935318106,[6.59403871 3.85675342 2.18596485],0.026837431410417237,0.16382133991155498
P1,14,LeftFoot,8.944550706087378,[0.17589487 0.41865756 8.93173961],0.1442773822653146,0.3798386266104523
P1,15,Pelvis,18.947553835121973,[ 4.62862025 14.21205872 12.26251078],0.15213969311419343,0.3900508852883088
P1,15,T8,16.562287650370447,[ 7.9047628   4.51703667 14.1386059 ],18.950220850061296,4.353185138500463
P1,15,Head,8.214065709883567,[8.05263204 0.42737183 1.47592059],0.04001443296599943,0.200036079160734
P1,15,RightShoulder,33.05951514967012,[13.77051704 29.87761396  1.97275247],117.70125547272023,10.849020945353558
P1,15,RightUpperArm,14.748466651756244,[ 3.98044231 11.77447413  6.37342637],35.66316418627045,5.971864381101638
P1,15,RightForeArm,316.7608704727269,[19.64756523 37.37507111 10.1285928 ],164.6949334463193,12.83335238534029
P1,15,RightHand,6.0258065731201,[5.17744959 1.39841414 1.76308959],4.963347986285899,2.227857263445282
P1,15,LeftShoulder,343.9504318243926,[ 2.45910185 14.67323656  6.11605332],2.9092582664670017,1.705654791118942
P1,15,LeftUpperArm,19.77141097070992,[16.3267906   7.50556537  4.81955055],29.772865244148406,5.456451708221049
P1,15,LeftForeArm,315.4330167750523,[19.40376941 38.60834669 19.79546573],450.64317784726467,21.228357869775625
P1,15,LeftHand,19.407372972219505,[ 2.98916012 18.82969258  2.61297723],3.184907851487851,1.784631012699222
P1,15,RightUpperLeg,12.092777975765033,[11.12638602  3.23915279  3.67943145],2.5974066457362777,1.6116471840127657
P1,15,RightLowerLeg,38.378257098099816,[ 3.59205434  1.84630593 38.22443998],10.562030514151822,3.249927770605344
P1,15,RightFoot,19.57657730901087,[ 0.32457053  0.1986534  19.57199848],0.10239894139963122,0.31999834593264886
P1,15,LeftUpperLeg,9.666013761225159,[3.28855024 1.08342864 9.04841272],0.16305790693690622,0.4038042928658711
P1,15,LeftLowerLeg,6.253796256342061,[4.76462963 3.68768542 1.16565653],0.5815765585800803,0.7626116695803181
P1,15,LeftFoot,7.768360753083311,[0.15714025 0.31867666 7.75879942],0.1739558162524185,0.41708010771603393
P1,16,Pelvis,18.3795396454712,[ 4.39785025 13.43323936 12.30765918],0.09386728814273015,0.30637768871562787
P1,16,T8,6.746334026689239,[3.30672576 3.03023281 5.09930202],0.33168560871891223,0.5759215300011905
P1,16,Head,8.772500706174617,[7.8362502  1.09160751 3.61169012],0.06429384166019547,0.253562303310637
P1,16,RightShoulder,9.137943265221972,[1.12035606 8.93870534 0.79687772],1.3313091013827187,1.153823687303532
P1,16,RightUpperArm,9.94363011796572,[4.63178116 6.48969843 4.22705986],2.9887456058679756,1.7287988910998224
P1,16,RightForeArm,326.4649877251347,[ 6.64708445 30.94112728  6.99913726],161.50065067419547,12.708290627546864
P1,16,RightHand,5.556508122292326,[5.13291102 1.05943217 1.51928567],0.6934052108470178,0.832709559718764
P1,16,LeftShoulder,348.64180578793474,[0.45546274 9.03694462 6.8614819 ],0.24378520608889415,0.4937460947581197
P1,16,LeftUpperArm,16.985198163382847,[ 1.14249958 16.04104737  5.16746723],51.398391985308336,7.169267186073367
P1,16,LeftForeArm,330.750694047837,[13.63786415 25.77085091 12.09813827],535.4502655556635,23.139798304126668
P1,16,LeftHand,19.95571622614159,[ 1.65322965 19.69299954  2.40147314],1.9012649636661854,1.378863649410697
P1,16,RightUpperLeg,11.84081786823319,[10.94219696  3.19299129  3.52005703],0.08036419300000548,0.28348578976732763
P1,16,RightLowerLeg,38.171433312178415,[ 3.9697964   1.76911357 37.99328259],1.3415435542401428,1.1582502122771845
P1,16,RightFoot,19.48862477469843,[ 0.36634888  0.0599023  19.48482774],0.0732130168430936,0.2705790399182716
P1,16,LeftUpperLeg,10.696290916787541,[ 3.13575234  1.30930894 10.16878611],0.16411311972711287,0.4051087751791028
P1,16,LeftLowerLeg,7.901985129604307,[5.85655633 5.26374564 0.54916403],0.10420176359047857,0.32280297952540427
P1,16,LeftFoot,7.127605840735851,[0.12045864 0.24192425 7.12140082],0.04030195285594027,0.2007534628740941
P1,17,Pelvis,16.233059032430155,[ 3.99496471 14.26849576  4.70947868],49.04445388529485,7.003174557677029
P1,17,T8,17.132285996228525,[ 5.45531342  9.47557846 11.6451027 ],70.7847894797061,8.413369686380488
P1,17,Head,13.413145490703313,[ 4.89968868  3.46221835 11.18094723],4.412267481013868,2.100539807052908
P1,17,RightShoulder,17.53901821593785,[10.4705073  11.10364096  4.79236307],156.2882183754141,12.501528641546765
P1,17,RightUpperArm,20.08790194778466,[ 6.33950614 17.10928984  7.57313431],68.81258254801463,8.295334987088504
P1,17,RightForeArm,319.74900243822105,[13.05562906 32.73989318  7.46079442],324.54612830252967,18.01516384334402
P1,17,RightHand,5.822375622450496,[5.19485505 1.75554223 1.58991639],0.9878613908384068,0.993912164548964
P1,17,LeftShoulder,349.6121743810693,[3.6557904  8.28487156 2.92675654],18.31921307373551,4.280094984195504
P1,17,LeftUpperArm,11.444051907470598,[5.32462113 7.94307586 3.81819919],13.096839215861323,3.6189555421227992
P1,17,LeftForeArm,328.40630565606807,[15.43503269 23.55158424 16.85811287],274.01679100782405,16.55345254041658
P1,17,LeftHand,17.819448926618566,[ 3.95814287 16.83476352  4.54511971],6.966250253052918,2.6393655019820423
P1,17,RightUpperLeg,20.062528172895597,[11.62438627  5.25675979 12.00587711],156.65796174120374,12.516307831832986
P1,17,RightLowerLeg,15.589408719039206,[ 5.48456181  7.02398065 11.79280856],100.64928080264495,10.032411514817609
P1,17,RightFoot,18.34703486985421,[ 2.09958257  1.41870462 17.9026817 ],85.87575957805889,9.266917479834321
P1,17,LeftUpperLeg,17.649730058907085,[ 5.51828021  3.97980582 14.07304113],372.67516518897037,19.304796429617443
P1,17,LeftLowerLeg,20.299394967284847,[ 6.49050601  6.6815874  16.7797258 ],89.69179441539514,9.470575189258314
P1,17,LeftFoot,nan,[1.57110151 0.96840347 3.71185941],nan,nan
P1,18,Pelvis,14.007865164113825,[ 3.70710346 11.93930087  4.33103814],63.77822088238154,7.98612677600234
P1,18,T8,14.760248157265895,[4.09003155 9.76863266 8.7787483 ],79.13152485624461,8.895590191563716
P1,18,Head,7.614446079333024,[2.5245397  2.45625955 6.36057489],3.821777923273355,1.9549368080000322
P1,18,RightShoulder,21.69120886610765,[ 8.84764537 16.65216357  6.80301618],101.187525611799,10.059201042418776
P1,18,RightUpperArm,34.52150803973473,[ 6.42338329 33.56789476  5.49106745],35.99244007433075,5.999369973116407
P1,18,RightForeArm,321.5027577015748,[ 8.2430244  36.82694046  3.30694322],300.0980418853513,17.323338069937655
P1,18,RightHand,5.183463434338062,[4.7734173  0.78273503 1.73033413],0.5706502093853493,0.7554139324802986
P1,18,LeftShoulder,349.1409559930341,[4.25157644 7.65466348 4.65106159],5.430289295159521,2.3302981129373816
P1,18,LeftUpperArm,14.690821077171393,[10.04791698  8.10367008  4.81727054],7.941562728309132,2.8180778428406006
P1,18,LeftForeArm,333.6682844920503,[12.46506793 21.34484349 10.57223549],61.03707705631176,7.812622930636788
P1,18,LeftHand,17.9509469507216,[ 0.99645225 17.39718623  4.18062456],1.7392131141587555,1.31879229378957
P1,18,RightUpperLeg,20.69978242590203,[11.44834898  6.64756167 11.13877884],403.1166711294832,20.077765591058263
P1,18,RightLowerLeg,22.787335748734257,[ 4.69613413 10.37782219 14.74278337],761.4115542533858,27.59368685502874
P1,18,RightFoot,24.10991552378443,[ 3.93044337  2.3640849  20.18905658],805.7342802030109,28.38545895706129
P1,18,LeftUpperLeg,22.54004333563669,[ 4.2243641   4.28284344 18.95097601],749.0032478613265,27.367923703878716
P1,18,LeftLowerLeg,20.468820687959155,[ 7.14463231  7.31911146 14.7125529 ],289.9550192097404,17.02806563323446
P1,18,LeftFoot,13.383727455074295,[ 3.8434187   2.20733212 10.43298716],300.747192075983,17.342064239183955
P1,19,Pelvis,16.979501586690404,[ 4.86249598 11.48352589 12.03232425],1.1408943590034024,1.068126565067737
P1,19,T8,15.895540454474807,[ 4.54545835 13.22477827  6.8890676 ],91.98779240930563,9.59102666085887
P1,19,Head,10.158094738048277,[9.34753018 1.67385952 3.21802827],0.20307646254891099,0.45064005874856594
P1,19,RightShoulder,27.41906424629316,[10.19824003 24.64774938  8.41465426],144.6782058149708,12.028225380951705
P1,19,RightUpperArm,24.014253315110594,[ 8.01994834 19.04762974 10.76390959],109.63059067995314,10.47046277296057
P1,19,RightForeArm,315.09889746990507,[ 8.11405976 42.25656997  7.15724618],280.52996935655887,16.749028907866833
P1,19,RightHand,5.558159652004288,[4.3438853  2.3091879  1.78834306],1.3501169994405122,1.161945351314128
P1,19,LeftShoulder,341.76497188607226,[ 2.30163666 17.5386834   3.49855167],6.027649045060788,2.4551270934639593
P1,19,LeftUpperArm,16.771796009304406,[11.54833851 10.5341825   5.61465625],14.240030033205967,3.773596432212375
P1,19,LeftForeArm,342.6226228310318,[ 6.25912967 14.93015602  2.57246509],29.339210887880597,5.416568183627027
P1,19,LeftHand,21.152772437592883,[ 4.97759676 19.72718737  3.89389485],27.125813625887293,5.208244773998942
P1,19,RightUpperLeg,10.320631535165196,[9.76757208 1.08815353 2.8381279 ],2.181884922308034,1.477120483341841
P1,19,RightLowerLeg,12.864204208623248,[ 2.01630946  5.37675324 11.39042198],1.0054724329448135,1.0027324832400781
P1,19,RightFoot,21.76532820959836,[ 0.42041941  0.20931326 21.75789229],0.3454964718138459,0.5877894791622643
P1,19,LeftUpperLeg,8.155339695119311,[7.49734897 0.72409487 3.09005414],0.08259353413462178,0.28739090823236174
P1,19,LeftLowerLeg,27.32569164495148,[ 5.00576949  1.91812027 26.69062595],11.812455801526475,3.4369253412791023
P1,19,LeftFoot,27.821036518179035,[ 0.37508156  0.44357749 27.8126588 ],0.6927485188323579,0.8323151559549771
P2,1,Pelvis,9.074238151430624,[0.87839551 0.7965545  8.98987135],0.040298865641860686,0.2007457736587764
P2,1,T8,10.332322801006564,[0.20787659 4.49811639 9.2917413 ],0.04415478311404203,0.2101303955025118
P2,1,Head,5.063759853591816,[0.51446124 4.46350418 2.30550951],0.03743434838168981,0.19347958130430665
P2,1,RightShoulder,16.24322531200973,[ 1.76413497  3.29403292 15.85765655],0.041454474377625686,0.20360371896806229
P2,1,RightUpperArm,7.249711136861171,[2.17822865 6.65053472 1.77173958],0.033097052667426644,0.18192595380381174
P2,1,RightForeArm,7.836571640433468,[0.70952712 7.72706511 1.07723144],0.6681322075757073,0.8173935451027904
P2,1,RightHand,5.747899107600914,[1.72570735 5.48032985 0.22608295],0.0015992810278498857,0.039991011838285434
P2,1,LeftShoulder,6.830782965095945,[0.13593488 0.60070013 6.80119783],0.008030185360639314,0.08961130152296257
P2,1,LeftUpperArm,346.14591584250087,[ 0.5260918  13.84391736  0.11096576],0.06756315777080898,0.25992913990318395
P2,1,LeftForeArm,15.851400044006114,[ 3.39837508 14.4156815   5.24995999],0.14220707587350945,0.3771035346871061
P2,1,LeftHand,346.19467448150846,[ 0.35240046 13.78593339  0.50591973],0.011877349417223671,0.1089832529209129
P2,1,RightUpperLeg,7.524006295768446,[2.22080423 4.92691206 5.13737156],0.020243424562203613,0.14227938909836382
P2,1,RightLowerLeg,8.04485932461766,[2.13711156 4.0891961  6.49821875],0.8926233402177287,0.9447874576949721
P2,1,RightFoot,7.131373212899271,[0.42964699 0.49693619 7.09919401],0.0010228780587145374,0.03198246486302357
P2,1,LeftUpperLeg,3.3522870345297453,[0.40576904 1.28358662 3.05327476],0.38348102246999444,0.6192584456186241
P2,1,LeftLowerLeg,10.309291549414553,[2.24889003 2.21444185 9.85578599],0.08461893622448152,0.2908933416640565
P2,1,LeftFoot,2.8492667520152044,[1.44692311 0.35228624 2.42296193],0.004390380299805642,0.06625994491248573
P2,2,Pelvis,8.846174816135733,[1.16794781 0.60758632 8.73629343],0.26032902119986007,0.5102244811843705
P2,2,T8,13.770992276957157,[ 1.0778743   2.76598887 13.3737595 ],1.855956209168753,1.3623348373908497
P2,2,Head,8.685129344942407,[3.2713029  4.1415706  5.14169339],25.210533957768998,5.021009256889395
P2,2,RightShoulder,17.750089485572417,[ 4.96018537  8.519035   14.44067368],4.276903501764176,2.068067576691868
P2,2,RightUpperArm,18.27690617916613,[ 8.08511061 11.29290001  8.12168385],33.77080949735838,5.811265739695473
P2,2,RightForeArm,59.01410889956778,[17.15413588 57.01133395  9.9962874 ],51.57124528900335,7.181312226118799
P2,2,RightHand,5.394026371810113,[1.03184492 5.18213787 0.83451526],0.5724903908532915,0.756630947591553
P2,2,LeftShoulder,8.338216722308987,[6.20309645 2.44450491 4.62187862],7.283963491963726,2.698881896631219
P2,2,LeftUpperArm,341.90798903997376,[ 3.10687834 16.6224153   4.53228037],41.22807833733757,6.420909463412295
P2,2,LeftForeArm,51.47493586855833,[ 7.13969675 50.43130424 10.8279237 ],266.9907672201082,16.339852117449173
P2,2,LeftHand,350.343428990419,[4.74336538 6.73828557 3.48497692],2.3910426267635647,1.5462996561997822
P2,2,RightUpperLeg,3.9935630340819075,[2.011255   3.26796051 0.76329211],2.667518300269445,1.6332538995114767
P2,2,RightLowerLeg,5.565502329193234,[0.72084764 3.65262152 4.03995914],1.3311614809817742,1.1537597154441537
P2,2,RightFoot,6.456295713352779,[0.42493782 0.50823838 6.40717017],0.18105223122011543,0.4255023281018747
P2,2,LeftUpperLeg,5.348627906885108,[1.27472485 1.75048797 4.10987138],17.559859748145197,4.1904486332784465
P2,2,LeftLowerLeg,18.284329943261366,[ 1.28732808  1.26841329 18.16961702],8.000695010254542,2.8285499836938612
P2,2,LeftFoot,2.752824105245726,[1.73381719 0.72819815 1.97144329],0.14291090212618954,0.37803558314818664
P2,3,Pelvis,9.263096563231148,[1.12268328 0.25932564 9.18756534],0.11010282384825111,0.33181745561114034
P2,3,T8,13.016598080440433,[ 0.89268102  2.41973678 12.71644007],3.9955994014852445,1.9988995476224523
P2,3,Head,9.356190365418986,[3.95343152 7.21574482 2.10437797],2.688400045963145,1.639634119541047
P2,3,RightShoulder,16.36801784621324,[ 2.54310317  7.99560857 13.05279339],20.210889312077214,4.495652267700118
P2,3,RightUpperArm,14.272823464356746,[6.94929956 6.49492693 7.37250083],27.018102802382163,5.1978940737939405
P2,3,RightForeArm,35.69301546981259,[11.66677388 33.9071371   6.18614424],822.3560991033082,28.676751892487896
P2,3,RightHand,9.819023449406878,[3.18957729 8.66204726 2.66783407],1.2768090032316533,1.1299597352258413
P2,3,LeftShoulder,9.614447479582898,[5.0426472  1.40318385 7.53258649],5.409283617920237,2.32578666646798
P2,3,LeftUpperArm,344.92027941915785,[ 2.8949706  14.4611966   1.00613605],27.89321064777718,5.281402337237449
P2,3,LeftForeArm,48.25128687266427,[11.29654621 45.65487401 22.90252086],974.6623418022295,31.219582665407774
P2,3,LeftHand,356.61224365308425,[2.88728556 1.26255507 0.7733402 ],0.48964933466919464,0.6997494799349226
P2,3,RightUpperLeg,5.062154859870673,[2.33666754 3.04306201 2.45859209],0.3276511872571709,0.5724082347915436
P2,3,RightLowerLeg,4.39259233551498,[0.32787852 3.77855806 2.0230748 ],1.2013238833821605,1.096049215766409
P2,3,RightFoot,5.710690198447705,[0.39888654 0.64927865 5.64614944],0.19340385265207147,0.4397770488009481
P2,3,LeftUpperLeg,7.006118126015094,[1.60605601 1.72937851 6.24833851],8.872336893908505,2.978646822620719
P2,3,LeftLowerLeg,20.30598381864276,[ 1.66333578  1.51675269 20.15394243],1.829228539802639,1.3524897558956368
P2,3,LeftFoot,3.090157979312215,[1.88481103 0.57190941 2.32731484],0.019883424450180515,0.14100859707897428
P2,4,Pelvis,10.660621271300567,[2.10862577 3.04380934 9.75087939],3.4218452763723484,1.8498230392046555
P2,4,T8,18.608251872370097,[ 1.28934329  6.61285854 17.2966875 ],1.684842833524446,1.298014958898566
P2,4,Head,7.997262177556313,[3.69375013 3.22589505 5.15150853],2.3662207497932197,1.5382524987118402
P2,4,RightShoulder,23.28544657606594,[ 4.53482257  8.00446839 20.87770713],0.6972255976261915,0.8350003578599182
P2,4,RightUpperArm,12.438152640132747,[ 1.90146235 11.82788724  1.90328511],11.169601450599899,3.3420953682682213
P2,4,RightForeArm,12.434212058152731,[ 3.17676077 11.39733269  2.34320559],22.836524498173098,4.7787576312440345
P2,4,RightHand,9.0853294350944,[1.25805127 8.92039349 0.78220543],0.7360666904842936,0.8579432909489377
P2,4,LeftShoulder,11.893040861709848,[ 3.12267893  4.28168588 10.19268735],2.2913444486848507,1.5137187482107932
P2,4,LeftUpperArm,347.9970303207575,[ 2.82777423 10.24823723  4.73250726],51.258797112704265,7.159524922276915
P2,4,LeftForeArm,12.603038532789801,[ 3.26227498 11.55728712  1.94728283],87.56991738617792,9.357879962159053
P2,4,LeftHand,355.02680490753386,[2.50286486 3.67018769 1.03748709],4.977308075841545,2.230988138884101
P2,4,RightUpperLeg,14.592085847615717,[2.54994364 4.82624318 9.33976157],1172.2465046005605,34.238085586092
P2,4,RightLowerLeg,21.84226696869728,[3.18490568 4.67287246 9.97234639],3185.735216159505,56.44231760088795
P2,4,RightFoot,17.6467176386038,[0.45464826 1.18969567 6.10089997],3789.2039137244997,61.55650992157125
P2,4,LeftUpperLeg,13.795490121427084,[5.06184167 4.37651539 8.55543946],834.8690703909323,28.894100961804163
P2,4,LeftLowerLeg,25.867063777100444,[ 2.68579057  3.93584851 23.09227918],564.5739626415196,23.760765194781072
P2,4,LeftFoot,9.83009647064174,[1.72956765 1.04669379 7.25216143],652.7264242348009,25.548511194095067
P2,5,Pelvis,8.122035766939389,[1.93050254 0.78860668 7.80811502],0.19574972050296868,0.44243612025123885
P2,5,T8,19.56027961995452,[ 3.85376125  8.5378019  17.02545555],31.9606900138777,5.653378637052157
P2,5,Head,10.331744976288588,[5.15228221 5.38336999 5.04287918],20.628200417239547,4.541827871819841
P2,5,RightShoulder,28.838621630349245,[ 8.11569495  9.13459147 24.4912013 ],10.70877944957647,3.2724271496209765
P2,5,RightUpperArm,9.369330994822299,[2.09252625 8.18000463 3.04749633],2.5196810941027192,1.5873503375445255
P2,5,RightForeArm,14.429116933810391,[ 2.92114927 10.49248611  8.21387846],19.687189408461364,4.43702483748529
P2,5,RightHand,6.961199336985812,[1.21167256 6.835808   0.43217036],0.16086074689088933,0.40107449045144883
P2,5,LeftShoulder,11.408421269118817,[3.56481744 8.33234135 5.53449387],6.507986382369654,2.5510755344304594
P2,5,LeftUpperArm,346.6519359866543,[ 1.79511056 12.35061869  4.11746714],14.8364438576061,3.8518104649120652
P2,5,LeftForeArm,7.454119055579533,[3.68304745 5.35476761 1.51951304],8.671370709422222,2.9447191223310623
P2,5,LeftHand,352.98700908349707,[1.06003599 6.76578083 1.09122969],1.4442114049391548,1.2017534709494933
P2,5,RightUpperLeg,10.120175621895022,[3.06795229 5.55463063 7.64465021],2.3832561923297533,1.5437798393325888
P2,5,RightLowerLeg,5.098960190381566,[1.18692419 4.07476826 2.35504918],2.9139833513125053,1.7070393525963323
P2,5,RightFoot,4.628376376139669,[0.18350842 0.56831607 4.58539028],0.31982081861175893,0.5655270273044065
P2,5,LeftUpperLeg,3.52069883474175,[0.96509614 1.29244872 2.79893352],1.7381092940624459,1.3183737307995962
P2,5,LeftLowerLeg,18.256253194085243,[ 0.61216198  1.25865249 18.18672431],11.79750998509757,3.4347503526599383
P2,5,LeftFoot,2.694450442223364,[1.46982594 0.45684479 2.1984861 ],0.019247448623984087,0.13873517442950106
P2,6,Pelvis,7.15052741017301,[0.62038024 0.57139635 7.08787811],0.36105030365929053,0.6008746155890516
P2,6,T8,13.205741787765891,[ 0.99931358  6.06460034 11.54351102],1.365952520574335,1.1687397146389502
P2,6,Head,5.9406044331945065,[2.36185165 4.09873399 2.6269397 ],2.667656400364691,1.633296176559748
P2,6,RightShoulder,28.975469904669403,[ 2.0083516  12.60874673 25.84988802],4.450292821523084,2.1095717151884372
P2,6,RightUpperArm,6.538771797387081,[2.14934687 5.13408361 2.74182126],1.482210029412294,1.2174604837169434
P2,6,RightForeArm,28.094391783036038,[ 3.94151431 27.20561332  6.70599156],20.77716331923064,4.558197376072107
P2,6,RightHand,7.186266013559706,[0.42229265 7.14081788 0.51276385],0.5113350517349742,0.7150769551139053
P2,6,LeftShoulder,10.565707449432983,[4.18884646 7.61775655 5.92160848],17.44794914629897,4.1770742327972785
P2,6,LeftUpperArm,341.90809312284875,[ 2.9287084  17.3065516   4.66236673],4.702952679320541,2.168629216652893
P2,6,LeftForeArm,19.31050616386066,[ 5.05171898 18.5382122   1.09700736],6.186697336970059,2.4873072461941765
P2,6,LeftHand,350.841982089556,[1.00221846 8.63996722 2.26653203],0.6602160270142466,0.8125367850222208
P2,6,RightUpperLeg,7.647761235111572,[3.43725038 5.36729085 3.52093567],1.0826044898112666,1.040482815721272
P2,6,RightLowerLeg,11.416598182690198,[1.03039664 5.19414839 9.59259563],15.778512290844475,3.972217553312567
P2,6,RightFoot,4.317440960298041,[0.33615439 0.55863822 4.24253652],0.676774108420994,0.8226628157519907
P2,6,LeftUpperLeg,5.913035947311874,[0.78433702 1.87953204 5.36369918],10.711679669494327,3.2728702494132467
P2,6,LeftLowerLeg,15.559024577558073,[ 0.95666036  0.41327827 15.41898614],64.37301547760224,8.023279596125406
P2,6,LeftFoot,3.5782192350598505,[1.45212048 0.42951507 3.20506342],0.25710982868862686,0.5070599852962436
P2,7,Pelvis,6.767230934360487,[0.5057562  0.35153429 6.73643828],0.21761477456406764,0.4664919876740303
P2,7,T8,11.71358515992814,[ 1.69476554  5.52010178 10.1194202 ],1.2401386426333743,1.1136151232061167
P2,7,Head,8.762558322537224,[1.13431256 5.53468281 6.48294719],18.705766728072348,4.3250163847172125
P2,7,RightShoulder,26.260691911671238,[ 2.9358267   9.8041525  23.25527311],1.1249463085731952,1.0606348610965015
P2,7,RightUpperArm,8.613290873144454,[2.93582374 7.41781309 2.58404745],1.067681807152,1.0332868948902816
P2,7,RightForeArm,32.89811791903508,[ 6.63025147 31.64389478  7.65804815],4.643479664285047,2.154873468277209
P2,7,RightHand,7.492887347629589,[0.35824908 7.47828765 0.16218963],0.12998033503197598,0.3605278561109751
P2,7,LeftShoulder,10.35291337429699,[3.61694775 3.98857607 8.49159471],6.478714501066348,2.5453319039108333
P2,7,LeftUpperArm,348.20820635828505,[3.42481359 7.76355665 7.04069891],28.507984225806783,5.3392868649105925
P2,7,LeftForeArm,30.1880781395417,[ 6.9920432  29.21532713  1.27860404],24.758276892998527,4.975768975042805
P2,7,LeftHand,348.48301386935645,[ 1.15228183 11.30126481  1.48803273],0.5080594059984334,0.7127828603427788
P2,7,RightUpperLeg,7.333303107704751,[3.00656747 5.12310914 3.66106373],0.6827099892673332,0.8262626636048207
P2,7,RightLowerLeg,8.046927452067527,[0.59011771 4.89295955 5.93185847],2.4004684819579905,1.5493445330067779
P2,7,RightFoot,4.7653488192251485,[0.09326274 0.53584704 4.73084323],0.07919663686664581,0.2814189703389695
P2,7,LeftUpperLeg,2.6583678016329193,[0.81127725 1.49061321 1.82648567],1.9685385775134885,1.4030461779690249
P2,7,LeftLowerLeg,23.70864283561254,[ 1.87212283  1.25721271 23.60799491],7.968038667995336,2.822771451604847
P2,7,LeftFoot,4.064801369874379,[1.61860722 0.42276952 3.68886464],0.056879324926084336,0.23849386769073191
P2,8,Pelvis,9.183203302439951,[1.3621921  5.11834214 5.86347943],11.45081900578651,3.3839058801607513
P2,8,T8,21.385551584306217,[ 6.10972421  8.07683499 18.93971396],94.14059216713564,9.702607493201796
P2,8,Head,12.120025326365367,[6.41256637 1.98561029 9.57993403],40.81950696541538,6.389014553545436
P2,8,RightShoulder,28.197209185591205,[ 8.3639793   7.71410954 24.84726254],9.716802801745969,3.1171786605432112
P2,8,RightUpperArm,19.482174397207668,[10.60747822 12.58636256 10.48566234],56.775092402069426,7.534924843823555
P2,8,RightForeArm,44.932826338796076,[ 6.58611766 44.08532896  5.28435748],439.57176930307946,20.965966929838448
P2,8,RightHand,6.919744663208795,[0.89105447 6.68865909 1.08061813],1.2783486670635569,1.1306408214210015
P2,8,LeftShoulder,13.654464192966657,[10.25667522  4.89560364  5.61959892],20.756261903245594,4.555904070900263
P2,8,LeftUpperArm,350.2539108903175,[5.7994953  5.55858045 3.14947423],10.64809495131782,3.2631418834181605
P2,8,LeftForeArm,41.51966150683347,[ 6.94255969 40.41685421  4.69529017],196.88693202937463,14.031640389825226
P2,8,LeftHand,348.8426621104965,[1.70054867 8.56145216 4.6182329 ],2.866035299101351,1.6929368857406797
P2,8,RightUpperLeg,12.585218883216047,[1.31326915 9.00375286 7.90194764],20.397181825039045,4.516323928267219
P2,8,RightLowerLeg,13.9645229550131,[4.19524641 9.19097941 6.09927227],31.240048411577746,5.589279775747296
P2,8,RightFoot,5.357801485582312,[0.54867564 1.22522229 4.98542662],1.9515515907160224,1.3969794525031578
P2,8,LeftUpperLeg,13.933428034122443,[ 2.52246548  5.92377691 11.79655869],89.00579147392196,9.434288074567258
P2,8,LeftLowerLeg,27.66637529872156,[ 4.00677539 11.4566773  23.09724916],62.72663395389486,7.9200147698028225
P2,8,LeftFoot,5.260205106164237,[1.82231282 0.66157268 4.5252369 ],4.736104494494942,2.176259289352935
P2,9,Pelvis,5.859565924948657,[0.78225716 0.91946066 5.71030249],0.021089993755385585,0.14522394346451822
P2,9,T8,16.6323465367923,[ 4.14057358 11.51598269  8.26122904],88.35054372183407,9.399496993022236
P2,9,Head,4.67001896336751,[1.52508345 3.62260837 2.25984824],1.2830920864756654,1.1327365476913267
P2,9,RightShoulder,36.75851497184557,[ 9.29753087 15.32487909 28.21062698],40.12292650502622,6.334266058907395
P2,9,RightUpperArm,19.30828365530356,[ 9.82780458  8.2439473  11.62680553],60.900472967624424,7.803875509490424
P2,9,RightForeArm,34.10506303839717,[11.92891475 30.43619391 10.70013858],298.33861683470985,17.272481490356558
P2,9,RightHand,6.5107150512658984,[1.31820874 6.06976226 1.24394982],3.1810976488160545,1.7835631889047425
P2,9,LeftShoulder,26.68855320731616,[24.01973124  6.04071526  7.35186102],230.58729607102583,15.185101121527833
P2,9,LeftUpperArm,345.9357752244244,[8.11603854 8.92246603 4.72114578],28.65362491583911,5.352908080271798
P2,9,LeftForeArm,48.61996274882585,[ 7.43078215 46.96735728  7.98145641],265.0861291971511,16.281465818443717
P2,9,LeftHand,350.3416687501352,[2.92573457 7.22665443 4.13803502],5.023133273684236,2.2412347654104057
P2,9,RightUpperLeg,7.34715509393801,[0.61608939 5.67708393 4.52824025],0.2897219608597648,0.5382582659465295
P2,9,RightLowerLeg,5.1979907541577735,[1.75437612 3.60600979 3.10227594],1.1885965518545125,1.0902277522859674
P2,9,RightFoot,5.140692484316452,[0.1692067  0.63838769 5.09620442],0.018467673026350735,0.13589581680960872
P2,9,LeftUpperLeg,4.101705779614464,[0.68323481 0.46171515 3.94806635],4.966150451432412,2.228486134449217
P2,9,LeftLowerLeg,27.92769608489362,[ 1.16122465  1.15902464 27.8601351 ],5.265683938938075,2.2947078112339434
P2,9,LeftFoot,5.245027924200848,[1.78041248 0.33191971 4.9159299 ],0.07671697495166908,0.2769782932860788
P2,10,Pelvis,5.484194350132321,[0.38255213 1.24405264 5.30361559],0.08371969601122405,0.28934356051452753
P2,10,T8,22.654919244651193,[ 5.50211273 17.71078628  9.94300995],174.18484486794463,13.197910625093073
P2,10,Head,5.007521727144974,[0.76214047 3.81814383 3.00875531],0.2687883926322854,0.5184480616535135
P2,10,RightShoulder,40.250837436969306,[ 5.53007812 15.97864708 34.96350657],29.898493635293338,5.467951502646429
P2,10,RightUpperArm,30.80376961364686,[15.18146362 19.18372861 11.37746194],39.46247743503813,6.28191670074016
P2,10,RightForeArm,28.70376432588881,[10.7727264  24.3769855  12.47739599],252.16781106581988,15.879792538500617
P2,10,RightHand,6.9226954608105045,[1.97297558 6.07437514 1.57045558],5.0422472528972255,2.2454948792854608
P2,10,LeftShoulder,36.436013387981134,[33.33912956  8.27645684  8.00643386],497.6002561609387,22.306955331486606
P2,10,LeftUpperArm,347.1788791309195,[6.79446578 8.18662025 4.46700901],17.023453138081454,4.125948756114338
P2,10,LeftForeArm,18.697187863900712,[ 6.02074654 12.98720806  7.77273585],33.80463428106794,5.8141752881271085
P2,10,LeftHand,352.5689962595266,[4.24327784 4.20941039 2.40776902],4.370719691786641,2.090626626585111
P2,10,RightUpperLeg,5.368954576676146,[1.80473702 4.86118615 1.18696445],0.0454623400293452,0.21321899547025636
P2,10,RightLowerLeg,5.137980788050024,[3.28022745 3.8243411  0.88757937],0.09639374733954811,0.3104734245302617
P2,10,RightFoot,5.161294557728013,[0.18858469 0.47907996 5.13439482],0.006517899219862121,0.08073350741707015
P2,10,LeftUpperLeg,4.173334175296473,[0.93168713 0.57188156 4.00779741],1.5579249595589164,1.24816864227512
P2,10,LeftLowerLeg,19.321164301779895,[ 0.5669884   1.58902683 19.25225573],0.3042129852820637,0.5515550609704019
P2,10,LeftFoot,4.744056799840749,[1.68597251 0.43669661 4.40589795],0.008113463821216357,0.09007476794983352
P2,11,Pelvis,5.971657341011486,[0.58181426 0.48560482 5.92008232],0.02156251785058258,0.14684181233757154
P2,11,T8,9.44798300577535,[0.73775869 2.9607819  8.82213024],2.548530890809416,1.5964118800639815
P2,11,Head,5.026490828353834,[1.69074392 3.17912018 3.30480065],0.29475501180238683,0.5429134478002795
P2,11,RightShoulder,31.102408611105645,[ 2.45272332  3.27895206 30.69138521],0.747836836868031,0.8647755991400492
P2,11,RightUpperArm,22.653272682874757,[ 6.50511639 20.2245649   5.46420782],87.11984281976216,9.333801091718323
P2,11,RightForeArm,29.85707011905537,[18.91105746 22.5885178   3.91130798],167.66463149623334,12.948537813059563
P2,11,RightHand,6.080749937097618,[3.66193684 4.37211659 0.53358898],0.7376224989514872,0.8588495205514685
P2,11,LeftShoulder,12.786792559686141,[9.4480804  3.45178892 6.38681242],8.903067582402455,2.9838008617202414
P2,11,LeftUpperArm,333.8979429284028,[ 4.61501334 23.57019587  5.26242854],168.8639120758336,12.994764794940831
P2,11,LeftForeArm,21.900170128469703,[ 8.42951738 14.71726691 12.36042447],42.228564784379984,6.498350928072443
P2,11,LeftHand,350.22556355541616,[8.03356738 3.29155806 1.94628861],3.1378005992630755,1.7713838091342813
P2,11,RightUpperLeg,6.176022374535139,[2.7579676  5.39987417 0.89662878],0.012271722487539884,0.11077780683665787
P2,11,RightLowerLeg,5.759127318719011,[2.2010761  3.56106218 4.00866132],0.12074858357876841,0.34748896900300075
P2,11,RightFoot,5.025946858043224,[0.12044669 0.56662743 4.99181204],0.0034275486526595,0.05854527011347287
P2,11,LeftUpperLeg,2.5990326150599588,[0.73031002 0.67759741 2.3554613 ],0.5188550015729186,0.720315904012204
P2,11,LeftLowerLeg,22.882772267205876,[ 0.66364963  1.30546329 22.84231001],0.27876740020504964,0.5279842802632003
P2,11,LeftFoot,5.057824151654297,[1.60050514 0.5121657  4.76281226],0.013172891191134316,0.11477321634917406
P2,12,Pelvis,5.495461018994666,[0.53848535 0.2777565  5.4597332 ],0.0176250784448525,0.13275947591359533
P2,12,T8,11.795083732690545,[ 1.74164669  3.80714582 10.5745138 ],16.29952683895896,4.037267248889893
P2,12,Head,6.37048386934366,[0.35831238 3.85265386 5.01418454],0.1926062236846611,0.43886925579796665
P2,12,RightShoulder,34.15698753388683,[ 3.89959477  4.95164682 33.24657441],4.112625664449678,2.027960962259796
P2,12,RightUpperArm,15.876044576664395,[ 1.10284328 15.74732254  1.15016234],20.733668373897544,4.553423807850258
P2,12,RightForeArm,7.383700888164678,[1.02003004 4.72103642 4.96916798],12.018029862103305,3.4667030247921877
P2,12,RightHand,5.4657938821252,[0.40455608 5.36143156 0.98236231],0.07777771471316133,0.2788865624463849
P2,12,LeftShoulder,7.498427717786758,[3.66430229 2.97271015 5.0135378 ],1.1899571945156715,1.0908515914255574
P2,12,LeftUpperArm,351.89214903225906,[0.6018026  6.63286771 3.86041725],11.652350438227243,3.413553930762958
P2,12,LeftForeArm,10.05041024890035,[3.53802498 7.35947157 4.2143324 ],11.086357321995143,3.3296181946275976
P2,12,LeftHand,358.00009660547585,[0.28253407 1.61407343 1.04172601],0.36669762809478645,0.6055556358376879
P2,12,RightUpperLeg,7.869212896748781,[2.10516556 5.00962014 5.56809573],0.15877036133306882,0.39845998711673525
P2,12,RightLowerLeg,5.2917856477895295,[0.82441287 3.37925656 3.91089928],0.7772243106793911,0.8816032614954366
P2,12,RightFoot,4.660942437234078,[0.07962799 0.61287107 4.61921825],0.0022220164829414146,0.04713826983398324
P2,12,LeftUpperLeg,2.9919222462751702,[0.50309547 0.5615965  2.87344017],1.0206310538021053,1.010262863715234
P2,12,LeftLowerLeg,21.156792711850294,[ 3.45379444  2.34198375 20.81283717],0.06706124585222054,0.258961861771614
P2,12,LeftFoot,5.199199372250464,[1.72924814 0.44184677 4.87406329],0.03827527601465233,0.19564068087862588
P2,13,Pelvis,5.860411703007906,[1.08173509 0.31555417 5.74603392],0.04049726332206266,0.20123931852911514
P2,13,T8,9.574347498639145,[0.44871457 3.86399054 8.72049894],0.30510434767233435,0.5523625147241025
P2,13,Head,5.42257809387582,[2.12520275 2.58244826 4.13713202],0.307887970489757,0.5548765362580734
P2,13,RightShoulder,32.6611959648447,[ 5.59280144  9.35841102 30.23476892],2.1561641046776927,1.4683882676859321
P2,13,RightUpperArm,15.848052222087423,[ 2.22514584 15.4895233   1.07858752],25.066105602496606,5.006606196067013
P2,13,RightForeArm,23.93786272401234,[11.09453134 20.75833589  4.25952848],189.78273940718327,13.776165627894551
P2,13,RightHand,5.360743281263809,[2.35702312 4.5461907  0.89597511],0.5925754748431423,0.7697892405347988
P2,13,LeftShoulder,8.12133501968183,[2.15862183 2.2520749  7.35439581],0.6843478817152825,0.8272532149924124
P2,13,LeftUpperArm,341.60898175883705,[ 3.43410401 15.61764255  6.10437414],17.43873986506209,4.175971727042952
P2,13,LeftForeArm,14.274154906100858,[4.37921392 7.60982789 9.72277417],19.560509627644663,4.422726492520724
P2,13,LeftHand,354.50714760663277,[3.18095429 3.11030262 1.5356978 ],3.9765240135680844,1.9941223667488623
P2,13,RightUpperLeg,6.1754786751978905,[2.32046569 4.61663008 3.20284718],0.07379964378126873,0.2716608985136962
P2,13,RightLowerLeg,6.080243401508177,[4.21203904 4.25878687 0.79490121],0.10060503426120801,0.31718296653699424
P2,13,RightFoot,4.469595816134451,[0.03006093 0.50507057 4.44079147],0.011073157188208668,0.1052290700719562
P2,13,LeftUpperLeg,1.7520033881382562,[0.6204442  0.32208179 1.50414685],0.3655731859264297,0.6046264846385987
P2,13,LeftLowerLeg,14.813112521057088,[ 0.28839619  2.50741267 14.59341303],2.5749148158075377,1.6046541109558587
P2,13,LeftFoot,4.834323335308167,[1.65300358 0.58515352 4.49612756],0.004069799029936248,0.06379497652586956
P2,14,Pelvis,6.125843539645125,[0.64445243 0.19424101 6.08669981],0.028922340407669916,0.17006569438799207
P2,14,T8,22.113588766318276,[10.03492016  6.39697259 19.02968717],70.70559233772501,8.408661744756118
P2,14,Head,4.6561837844500955,[0.51577817 3.02380984 3.42311406],0.14463052760449024,0.38030320483068536
P2,14,RightShoulder,30.779004980963876,[10.501508   15.14401712 21.93777966],3.9859561418935265,1.996485948333603
P2,14,RightUpperArm,19.84404487040381,[10.88478998  5.36943163 14.57584986],42.947612193710015,6.553442774123385
P2,14,RightForeArm,62.30845019416041,[50.60725557 43.78797447 44.08698839],875.1881244960812,29.583578628963757
P2,14,RightHand,5.6186448327861935,[1.48852338 4.46664677 2.61846349],2.556354379550212,1.5988603377250348
P2,14,LeftShoulder,10.743543099080776,[9.04934173 4.27910359 3.15105428],5.459626303796309,2.3365843241356195
P2,14,LeftUpperArm,341.536433025265,[ 4.67329534 17.03083148  4.06540477],11.931097674562217,3.454142103990833
P2,14,LeftForeArm,22.523070829873777,[ 6.04190625 18.42480633  8.06773977],50.67983725459228,7.118977261839813
P2,14,LeftHand,351.0466972183381,[5.56305197 4.7104118  2.79661086],6.137695191124784,2.477437222438701
P2,14,RightUpperLeg,6.973456453744852,[1.69946854 5.42724524 3.84184242],0.24428612481899156,0.49425309793565436
P2,14,RightLowerLeg,7.76103068753913,[2.76299845 3.06268971 6.47972403],0.5159877638414634,0.7183228827215957
P2,14,RightFoot,4.498002081455497,[0.28578353 0.50620309 4.45777543],0.026897362226802744,0.16400415307791064
P2,14,LeftUpperLeg,3.201729480478637,[0.3617176  0.72078329 3.04325696],0.7830705228490131,0.8849127204696592
P2,14,LeftLowerLeg,5.220998409231494,[3.91938912 0.29914291 3.36788374],0.28489245386814477,0.5337531769162079
P2,14,LeftFoot,3.862233907078602,[1.51489293 0.48214421 3.50896985],0.03563715100445905,0.18877804693464506
P2,15,Pelvis,5.02659684631288,[1.30199474 0.08355087 4.85115881],0.001752623194053751,0.04186434275196197
P2,15,T8,9.411400142002424,[0.53967593 3.19772896 8.79726945],0.19002484847985404,0.43591839658341336
P2,15,Head,5.921750331262747,[2.2571166  2.84122914 4.56808172],0.14619877412106144,0.38235948284443194
P2,15,RightShoulder,23.262903599546,[ 3.63980669  5.09714972 22.1544662 ],1.723687887127128,1.3128929457983725
P2,15,RightUpperArm,26.309332859050393,[ 2.9691019  25.68383048  4.78326287],257.6118316637684,16.050290703403736
P2,15,RightForeArm,50.78642541792389,[43.40294406 40.27135704 36.56318075],1381.9626139477666,37.17475775237502
P2,15,RightHand,4.774306297997932,[0.79459311 4.53693993 0.74683848],3.345782462676763,1.829148015518909
P2,15,LeftShoulder,19.39699685711768,[ 8.00372944 10.91367426 13.13995475],1.433903376652622,1.1974570458486693
P2,15,LeftUpperArm,314.83291689612923,[ 3.78767972 44.90958796  2.47466447],78.42582225173629,8.855835491456258
P2,15,LeftForeArm,46.63709452828788,[36.24500153 37.54660817 41.67266839],1466.8632553086638,38.29965085100207
P2,15,LeftHand,354.17735797229705,[2.37028683 4.66273052 1.61776189],3.338347595081049,1.82711455444946
P2,15,RightUpperLeg,8.260766303879466,[2.37874221 5.46581148 5.60127686],0.03743119175600468,0.19347142361600764
P2,15,RightLowerLeg,5.570925214900394,[2.97356056 3.54157718 2.93625008],0.038000806792240244,0.19493795626362825
P2,15,RightFoot,4.377819166017071,[0.34088641 0.61483419 4.31881393],0.004135925483117946,0.06431116141944528
P2,15,LeftUpperLeg,1.1179189039690784,[0.31269329 0.30004422 0.99375494],0.06342569639765151,0.25184458778709445
P2,15,LeftLowerLeg,17.63585228899323,[ 2.06085532  1.82063022 17.45259526],0.115300932009614,0.3395599093085254
P2,15,LeftFoot,4.6067210154976355,[1.66843955 0.54912037 4.24819914],0.015103482674727673,0.12289622725994347
P2,16,Pelvis,2.775099546980737,[1.19756866 1.20581997 1.5789085 ],8.221742511822663,2.8673581066589264
P2,16,T8,17.046905796013938,[ 5.21738908  9.3245048  13.01618635],68.82960044323332,8.296360674611087
P2,16,Head,15.280227604726603,[ 3.34827401  4.02476539 13.98958725],11.92829149949048,3.4537358757569288
P2,16,RightShoulder,25.127064526101112,[ 8.97297997 11.04475307 16.41478907],26.292491404754248,5.1276204427350365
P2,16,RightUpperArm,16.23582667848376,[ 4.53722222 11.44565283  7.84135862],22.301128889510995,4.722407107557649
P2,16,RightForeArm,29.683698948395666,[12.28012731 24.85767453  6.98468831],198.82442701897097,14.10051158713651
P2,16,RightHand,3.3361186132219935,[1.07705276 2.8716482  0.70741863],1.533164651403347,1.238210261386711
P2,16,LeftShoulder,8.872605847989954,[4.7371198  2.92211394 6.2311291 ],4.956661466397924,2.2263560960452673
P2,16,LeftUpperArm,335.28777112384154,[ 2.14300478 22.55099348  9.63838736],106.69127570584645,10.329146901164997
P2,16,LeftForeArm,28.80855160367124,[ 6.10320877 26.67565149  4.12329213],162.07020100616,12.730679518633718
P2,16,LeftHand,352.982445377379,[1.78901616 4.83797864 3.60062934],15.429677745799252,3.928062849013398
P2,16,RightUpperLeg,14.748246707527706,[ 2.65442012  7.16785232 12.15762962],35.09450098290353,5.924061190003318
P2,16,RightLowerLeg,11.7850063931368,[ 1.60992915  3.57105596 10.23431146],49.836085166680554,7.059467767946855
P2,16,RightFoot,4.84711055330407,[0.70066931 0.9082105  4.57503866],1.7157469364124032,1.309865235973687
P2,16,LeftUpperLeg,10.855405577466518,[2.11021202 3.55797952 9.42985397],68.24464716587723,8.26103184631782
P2,16,LeftLowerLeg,20.95536365168011,[ 2.70538873  4.17712401 19.93405448],127.31744153232513,11.283503070072038
P2,16,LeftFoot,5.914424769535926,[1.53724864 0.65845931 5.55337613],5.240007535521195,2.289106274405187
P2,17,Pelvis,11.539429036279834,[ 2.15573471  3.643757   10.34643443],18.047292303802074,4.24821048252109
P2,17,T8,19.995329681932702,[ 5.07582236  6.14392125 18.26498493],72.67269713236523,8.524828275828506
P2,17,Head,11.397163583219497,[4.78208144 3.43049423 8.49343454],6.854357227456661,2.6180827388485377
P2,17,RightShoulder,19.76408179570523,[ 9.44987574  3.67066549 14.74669231],8.653239671037959,2.9416389430108447
P2,17,RightUpperArm,18.53701202012886,[ 6.40523506 13.09252873  8.49674258],41.791864531764546,6.464662754681372
P2,17,RightForeArm,23.13413798977572,[ 8.72729648 20.39513995  4.0410434 ],151.85957560591544,12.323131728822647
P2,17,RightHand,4.353607211058703,[3.59862961 1.4515574  1.01494531],2.2850359545446657,1.5116335384426562
P2,17,LeftShoulder,13.815099891550746,[8.02977771 4.99207052 9.69211867],8.144575853639793,2.8538703288060923
P2,17,LeftUpperArm,340.64103228355214,[ 7.03914996 15.3826182   6.72115187],21.453167402861908,4.631756405820789
P2,17,LeftForeArm,24.766254704382746,[ 3.62533945 22.96538314  6.21030235],172.3225857738675,13.127169754896427
P2,17,LeftHand,350.72673987916016,[2.17203116 5.10723602 6.33262006],4.373631738649861,2.0913229637360797
P2,17,RightUpperLeg,15.215635655792733,[2.38781429 7.82893274 9.78897911],600.1574629301339,24.49811141557924
P2,17,RightLowerLeg,13.830070678690577,[2.83326462 6.86401241 8.47266208],347.25214677277313,18.634702755149412
P2,17,RightFoot,6.6025872048671825,[1.48787032 2.36434084 4.24069686],332.45104414871076,18.2332400891534
P2,17,LeftUpperLeg,15.361557639143555,[ 3.05517908  7.99058111 10.52567588],319.85296443592995,17.884433578839726
P2,17,LeftLowerLeg,30.198108644534585,[ 4.17631644  8.20693029 25.98252169],530.1549044591653,23.025092930521808
P2,17,LeftFoot,8.52202695371375,[2.05393433 2.03784347 5.42690516],598.8624568921913,24.471666410201642
P2,18,Pelvis,9.045288537595788,[1.08888059 0.52756739 8.88950875],0.9893527774429378,0.9946621423593731
P2,18,T8,23.59397977051631,[ 4.14002865  6.73731952 21.76812077],46.18274654644959,6.795788883304836
P2,18,Head,8.68376624027301,[1.28712221 8.19776702 1.68574264],3.1724519155078075,1.7811378148553827
P2,18,RightShoulder,31.34894051466522,[11.50779938 14.74996295 19.74411103],20.399740452335262,4.5166071837536705
P2,18,RightUpperArm,31.267417695130206,[11.94314351 27.02754341 11.68026574],110.99400533204228,10.535369254660337
P2,18,RightForeArm,41.86715039858932,[11.73465251 37.10170971  9.87495087],258.1229690701706,16.066205808160515
P2,18,RightHand,3.171507738562831,[1.9507072  2.15540984 0.61328376],1.4544763719707159,1.206016737848491
P2,18,LeftShoulder,15.173116341036199,[7.29779798 7.01932482 9.35972616],7.78097196580249,2.7894393640662796
P2,18,LeftUpperArm,329.7336520768001,[11.81667629 27.61099549  3.27003434],32.789419755350956,5.7262046553848345
P2,18,LeftForeArm,43.666210643686696,[ 9.18570679 40.85292671 11.42839002],290.292911116558,17.037984361906133
P2,18,LeftHand,341.5662670624988,[ 8.74812217  9.01147519 12.50060573],8.90018862458451,2.9833183914199486
P2,18,RightUpperLeg,19.129621753614018,[ 3.07496528  6.02601705 17.78878885],49.60644708699542,7.043184442210457
P2,18,RightLowerLeg,20.80910265925041,[ 3.39859475  5.3840498  19.29527543],124.72599796788435,11.168079421632187
P2,18,RightFoot,7.934669643717593,[0.36305901 0.80286548 7.85828507],5.0166791942489075,2.239794453571333
P2,18,LeftUpperLeg,20.84514184188718,[ 1.47823615  1.0522169  20.67958183],38.6581342729438,6.217566587737022
P2,18,LeftLowerLeg,14.985298963612603,[ 2.55692299  1.737078   14.21717499],54.62526502179907,7.390890678517649
P2,18,LeftFoot,6.144068846597704,[1.71952728 0.86026977 5.72463964],4.849312809940262,2.202115530561524
